Income,Debt,Credit_History_Years,Employment_Status,Loan_Amount,Age,Marital_Status,Credit_Status
57450,21996,6,Self-Employed,3817,65,Married,Bad
47926,19623,11,Employed,11737,53,Single,Bad
59715,15298,3,Student,14169,57,Single,Bad
72845,11765,8,Unemployed,9088,19,Single,Good
46487,18491,3,Student,7884,59,Married,Bad
46487,16967,14,Self-Employed,8688,26,Married,Good
73688,19475,13,Student,12550,40,Divorced,Good
61511,18175,13,Self-Employed,8636,32,Widowed,Bad
42957,20247,2,Employed,10986,30,Married,Bad
58138,12323,13,Employed,10083,40,Widowed,Good
43048,21586,19,Self-Employed,9773,34,Single,Good
43014,15987,6,Student,12103,65,Married,Good
53629,25376,16,Employed,8564,19,Divorced,Bad
21300,11554,2,Unemployed,8708,37,Divorced,Bad
24126,23679,8,Employed,12392,37,Widowed,Good
41565,15989,17,Unemployed,7039,63,Single,Bad
34807,11742,23,Student,7359,20,Widowed,Bad
54713,12580,2,Unemployed,6219,29,Single,Bad
36379,13398,10,Unemployed,12547,57,Divorced,Good
28815,17120,16,Unemployed,9684,19,Widowed,Bad
71984,17614,6,Unemployed,6059,53,Divorced,Bad
46613,12131,2,Employed,12561,31,Divorced,Good
51012,14878,2,Unemployed,8333,33,Single,Bad
28628,25711,13,Employed,7384,36,Widowed,Good
41834,23637,24,Unemployed,9412,51,Widowed,Bad
51663,17181,15,Self-Employed,14436,61,Divorced,Bad
32735,15190,2,Student,8815,63,Divorced,Good
55635,15600,7,Unemployed,11726,23,Single,Bad
40990,18067,3,Self-Employed,12181,30,Married,Bad
45624,9886,8,Unemployed,11329,53,Married,Good
40974,13713,23,Unemployed,13813,39,Divorced,Good
77784,6657,14,Unemployed,7878,35,Married,Bad
49797,16996,24,Self-Employed,6869,29,Married,Good
34134,18235,23,Student,6811,69,Married,Good
62338,12584,22,Self-Employed,9566,47,Married,Good
31687,22869,7,Student,7158,68,Divorced,Good
53132,8871,21,Unemployed,10442,57,Married,Good
20604,7678,7,Employed,10230,24,Married,Good
30077,16122,1,Unemployed,13055,49,Single,Good
52952,20235,17,Student,10873,65,Divorced,Bad
61076,23419,9,Self-Employed,8751,36,Widowed,Bad
52570,12705,21,Unemployed,11232,23,Widowed,Bad
48265,20393,13,Self-Employed,6909,37,Single,Bad
45483,14807,21,Self-Employed,9885,44,Single,Good
27822,14136,19,Self-Employed,10958,60,Divorced,Bad
39202,19418,21,Unemployed,10387,54,Widowed,Bad
43090,18261,19,Self-Employed,11245,65,Married,Bad
65856,7118,22,Self-Employed,8067,24,Single,Good
55154,22382,17,Unemployed,13456,22,Widowed,Bad
23554,21900,23,Self-Employed,15466,28,Divorced,Good
54861,11872,23,Unemployed,5191,32,Married,Bad
44223,16979,10,Student,6353,20,Divorced,Bad
39846,17470,10,Student,10129,22,Single,Bad
59175,16303,4,Student,9230,40,Widowed,Good
65464,12248,8,Self-Employed,15689,54,Widowed,Bad
63969,11641,22,Employed,10659,26,Widowed,Good
37411,14872,20,Employed,14177,32,Widowed,Good
45361,20863,20,Self-Employed,3852,20,Married,Good
54968,17718,18,Employed,12442,46,Married,Bad
64633,13146,14,Unemployed,7853,23,Divorced,Good
42812,18858,18,Employed,7805,34,Married,Bad
47215,757,14,Self-Employed,9254,43,Single,Bad
33404,20743,20,Self-Employed,5726,38,Single,Bad
32056,6301,21,Unemployed,11328,25,Widowed,Bad
62187,13187,24,Student,10572,38,Single,Bad
70343,9401,15,Self-Employed,10798,28,Divorced,Bad
48919,8526,22,Unemployed,12661,55,Married,Bad
65052,20804,4,Employed,14544,25,Married,Bad
55424,12661,13,Employed,8908,59,Married,Good
40323,16732,23,Unemployed,11432,41,Single,Good
55420,14765,8,Unemployed,10878,52,Married,Bad
73070,17385,18,Self-Employed,11132,31,Widowed,Bad
49462,15384,12,Employed,11177,31,Widowed,Bad
73469,8585,23,Unemployed,14771,27,Widowed,Bad
10703,19981,14,Employed,8620,29,Single,Good
62328,12531,2,Unemployed,5422,55,Married,Good
51305,7217,18,Employed,7906,61,Single,Good
45514,12859,24,Student,12271,63,Married,Bad
51376,22503,2,Self-Employed,10069,51,Divorced,Bad
20186,19251,11,Employed,8597,58,Divorced,Good
46704,13256,9,Student,6770,27,Single,Bad
55356,13253,12,Employed,10663,34,Widowed,Bad
72168,13391,17,Employed,11933,34,Single,Good
42225,25383,15,Student,10917,20,Widowed,Bad
37872,16909,17,Employed,9240,48,Married,Bad
42473,17150,18,Employed,10439,68,Widowed,Good
63731,20151,22,Self-Employed,10422,18,Widowed,Bad
54931,16193,6,Student,10569,29,Married,Bad
42053,13704,17,Student,6447,56,Divorced,Good
57699,14018,23,Unemployed,10591,21,Married,Good
51456,14641,24,Employed,8678,59,Single,Good
64529,14813,18,Self-Employed,13121,30,Single,Bad
39469,18638,8,Employed,10398,51,Single,Bad
45085,15259,9,Employed,12506,59,Single,Good
44118,18663,6,Unemployed,9094,38,Single,Bad
28047,14596,5,Employed,9202,39,Divorced,Good
54441,15393,12,Self-Employed,14482,21,Divorced,Good
53915,5008,11,Self-Employed,11309,35,Widowed,Good
50076,19581,1,Unemployed,7856,22,Single,Good
46481,16732,11,Employed,12690,36,Married,Bad
28769,19990,19,Self-Employed,8400,19,Single,Bad
43690,518,9,Employed,10677,29,Divorced,Bad
44859,25441,2,Employed,15510,34,Single,Bad
37965,14302,12,Employed,5706,27,Divorced,Bad
47580,20540,4,Unemployed,9472,51,Widowed,Bad
56060,9800,4,Employed,11224,23,Widowed,Bad
78292,18063,18,Self-Employed,12294,25,Widowed,Bad
52618,9732,15,Employed,6276,68,Divorced,Good
53863,11881,19,Self-Employed,5392,28,Single,Bad
48883,24570,13,Employed,13272,29,Single,Good
21218,14046,19,Self-Employed,7838,26,Married,Good
49602,16087,17,Self-Employed,7713,19,Divorced,Good
50903,19350,6,Employed,14650,25,Married,Good
86948,17478,16,Employed,10209,28,Widowed,Bad
47114,15752,24,Self-Employed,10228,53,Single,Bad
54523,16824,12,Student,9460,27,Divorced,Good
49479,27017,19,Unemployed,6328,38,Married,Bad
32469,14711,5,Student,12027,37,Married,Good
67142,16005,17,Student,11228,65,Married,Bad
61278,20253,23,Employed,10506,25,Single,Bad
61865,20527,1,Unemployed,9651,53,Single,Bad
36359,20935,24,Student,9123,46,Single,Good
71041,18193,23,Employed,12737,59,Divorced,Good
28972,9284,10,Student,9576,29,Single,Good
58802,23167,15,Student,9807,31,Divorced,Bad
82856,9268,23,Employed,11589,65,Married,Bad
35141,16513,21,Employed,10623,67,Married,Good
41505,11228,21,Employed,14926,38,Widowed,Good
51494,14679,11,Unemployed,4715,39,Single,Bad
42447,16643,13,Student,10899,38,Married,Good
26740,16606,5,Employed,7883,61,Single,Bad
51028,17109,1,Self-Employed,7173,67,Divorced,Bad
34065,23068,24,Student,8628,47,Married,Bad
57103,17267,12,Self-Employed,10164,56,Single,Good
36208,13779,11,Unemployed,10297,37,Married,Bad
73249,19820,17,Employed,5448,41,Married,Bad
38251,20947,4,Self-Employed,8376,40,Single,Bad
45169,8861,15,Unemployed,10843,24,Married,Bad
62202,17987,9,Employed,7369,26,Married,Good
31537,18505,21,Self-Employed,6655,18,Married,Good
53411,13512,20,Self-Employed,3231,43,Married,Good
69607,21878,19,Unemployed,8010,55,Divorced,Bad
25887,14249,19,Employed,6551,55,Married,Good
52769,15627,12,Employed,7048,61,Widowed,Good
53898,14134,5,Self-Employed,9184,39,Married,Good
61727,15077,10,Self-Employed,8200,61,Single,Bad
31445,9518,17,Self-Employed,6501,27,Widowed,Good
30193,7799,5,Employed,3652,23,Divorced,Bad
57829,22972,22,Unemployed,10906,34,Widowed,Bad
54454,10765,16,Unemployed,12258,68,Widowed,Good
53757,10043,7,Employed,8809,67,Widowed,Bad
55196,4233,9,Student,9202,55,Single,Bad
39799,11805,3,Unemployed,10008,41,Single,Good
53483,8384,15,Self-Employed,14736,68,Single,Good
54396,23210,16,Student,5296,27,Divorced,Good
39284,20049,18,Student,8756,25,Single,Good
77986,11559,14,Unemployed,4834,38,Single,Bad
57107,26262,3,Student,11086,23,Widowed,Good
32130,19908,12,Student,9568,38,Single,Bad
59848,13375,9,Unemployed,10608,56,Married,Good
35379,2502,7,Unemployed,10459,41,Single,Good
61806,26454,9,Student,12972,50,Divorced,Bad
67378,8052,13,Self-Employed,11614,35,Divorced,Bad
37689,6773,18,Employed,12491,45,Married,Bad
64450,20112,5,Student,6803,69,Divorced,Bad
56191,27198,13,Student,13579,49,Divorced,Bad
62330,21921,4,Self-Employed,7832,29,Widowed,Good
78451,17819,2,Student,8005,65,Married,Bad
46319,17973,16,Student,10812,59,Widowed,Bad
38693,19267,9,Employed,10905,44,Widowed,Good
36657,18794,9,Employed,6784,27,Single,Good
37762,16405,6,Employed,9480,63,Married,Good
48843,15521,11,Unemployed,14464,69,Single,Bad
55117,14687,22,Unemployed,5594,59,Single,Bad
54150,11230,24,Employed,14455,49,Widowed,Good
62407,13596,22,Employed,9274,59,Divorced,Bad
50195,6535,1,Unemployed,2986,43,Married,Bad
71803,14508,4,Self-Employed,5899,42,Divorced,Bad
46030,10057,13,Student,7109,28,Widowed,Good
90802,9482,23,Student,8128,40,Widowed,Good
59385,15899,13,Employed,9685,51,Widowed,Bad
37142,21960,13,Self-Employed,1889,69,Widowed,Bad
33936,19591,2,Unemployed,10560,57,Widowed,Good
57237,7147,9,Employed,6834,40,Widowed,Good
46648,10051,24,Self-Employed,14171,46,Divorced,Good
60710,19703,8,Self-Employed,9189,48,Single,Bad
57098,10087,7,Self-Employed,12828,24,Divorced,Good
48907,13876,4,Unemployed,13331,57,Married,Bad
37298,17750,18,Unemployed,13249,50,Divorced,Bad
27277,10158,3,Student,8300,38,Widowed,Good
43302,15526,6,Student,8262,19,Divorced,Good
62845,8329,12,Self-Employed,9325,35,Single,Bad
53211,11993,12,Self-Employed,11908,64,Married,Bad
31313,16598,21,Unemployed,8467,50,Divorced,Bad
52597,7035,8,Student,9642,54,Single,Good
55779,17202,22,Self-Employed,10820,51,Divorced,Bad
36742,14901,22,Student,7285,37,Married,Bad
52305,17762,1,Student,7095,52,Divorced,Bad
50873,16119,4,Self-Employed,9525,68,Widowed,Bad
32855,21820,21,Unemployed,9922,67,Divorced,Good
55366,15626,11,Self-Employed,11301,35,Single,Bad
58411,12852,3,Self-Employed,12015,63,Divorced,Bad
66245,15611,13,Student,6702,41,Single,Bad
65807,17716,17,Self-Employed,7563,25,Married,Good
29334,15244,22,Unemployed,7087,47,Divorced,Bad
35932,15202,22,Self-Employed,14237,61,Married,Good
57725,11490,10,Unemployed,9639,27,Married,Bad
57706,11685,21,Unemployed,10048,40,Divorced,Bad
57725,7986,12,Student,10173,69,Single,Good
107790,23747,15,Employed,7852,66,Married,Bad
58563,8780,21,Employed,14692,28,Married,Good
67033,11535,10,Student,11233,19,Divorced,Bad
64310,11407,14,Self-Employed,10118,43,Divorced,Good
59770,19474,13,Student,6684,53,Divorced,Good
45270,13525,5,Unemployed,6514,50,Divorced,Good
61384,21238,6,Employed,9073,64,Divorced,Bad
38407,11632,24,Student,7900,30,Widowed,Good
46447,16394,2,Self-Employed,6797,57,Divorced,Bad
42719,10823,22,Student,8887,42,Single,Good
51228,25725,17,Employed,9350,21,Married,Bad
84719,9062,4,Student,10425,59,Single,Bad
21991,16549,14,Student,8488,36,Single,Bad
60293,18168,10,Employed,6977,35,Widowed,Good
25809,17068,3,Unemployed,7081,54,Divorced,Bad
42921,14073,3,Unemployed,13638,47,Married,Bad
66334,14350,15,Employed,6244,36,Single,Good
50964,15219,6,Student,11089,40,Divorced,Bad
33833,14264,17,Employed,11558,33,Divorced,Good
39270,19819,12,Unemployed,9636,18,Widowed,Good
60193,26052,22,Self-Employed,15303,29,Widowed,Bad
39044,12212,20,Student,11505,41,Widowed,Bad
53246,8150,24,Unemployed,15528,51,Married,Bad
50683,14558,11,Student,8046,25,Single,Good
40225,27898,4,Employed,8098,35,Widowed,Good
82159,10981,6,Self-Employed,11582,65,Widowed,Bad
59508,23195,1,Employed,9215,22,Widowed,Good
19622,23388,20,Self-Employed,15056,43,Single,Bad
52796,12232,23,Student,11025,47,Single,Bad
40073,17844,16,Student,6866,30,Widowed,Good
62786,23141,15,Employed,4789,36,Widowed,Bad
38112,13104,17,Self-Employed,9765,46,Divorced,Bad
48278,13982,8,Self-Employed,9732,20,Widowed,Bad
57574,12091,12,Student,10941,43,Married,Bad
62986,9926,22,Employed,13632,57,Married,Bad
31995,11753,21,Self-Employed,13237,29,Widowed,Bad
44982,8880,10,Student,8263,19,Single,Good
42875,15170,15,Unemployed,6118,28,Divorced,Good
40200,11150,9,Employed,6297,61,Single,Good
76481,16168,2,Unemployed,7789,45,Widowed,Good
56074,7220,5,Employed,8899,35,Married,Bad
31086,16654,6,Student,10915,30,Divorced,Bad
63767,19167,7,Self-Employed,7597,54,Single,Bad
81832,5031,21,Self-Employed,10841,39,Single,Bad
65486,16870,1,Self-Employed,11086,29,Widowed,Bad
27209,21138,23,Employed,10430,19,Divorced,Bad
42736,8951,7,Student,6614,54,Married,Good
69003,23362,20,Unemployed,11403,24,Widowed,Bad
39384,17095,12,Student,16243,43,Divorced,Bad
56657,11474,16,Unemployed,10737,43,Single,Bad
61619,14721,16,Employed,1140,41,Widowed,Good
36096,17791,11,Employed,13722,29,Single,Good
49107,15380,21,Unemployed,7891,33,Single,Bad
1380,17693,4,Unemployed,16797,40,Widowed,Bad
34634,10396,13,Unemployed,10349,57,Widowed,Bad
46211,15846,7,Student,4945,26,Widowed,Bad
31283,7931,4,Unemployed,3805,49,Widowed,Good
74486,14443,15,Employed,14619,32,Widowed,Bad
28547,10480,19,Employed,13317,54,Single,Bad
43399,11322,9,Self-Employed,16678,30,Married,Bad
51961,21180,11,Unemployed,10032,22,Married,Good
71619,20456,8,Student,9830,28,Widowed,Good
28462,18045,1,Student,8851,27,Single,Bad
67447,9538,23,Student,8025,69,Married,Bad
50153,13417,24,Self-Employed,8822,30,Married,Bad
35277,21065,8,Employed,10652,58,Married,Good
56931,15708,13,Student,7468,63,Single,Bad
52985,26596,22,Employed,4992,67,Widowed,Bad
40996,16966,4,Self-Employed,10479,32,Widowed,Bad
51047,15960,8,Unemployed,7401,59,Widowed,Bad
44220,13454,3,Unemployed,281,24,Divorced,Bad
51702,15667,9,Unemployed,11657,57,Divorced,Good
59931,14237,2,Student,6675,45,Divorced,Bad
73790,18540,2,Unemployed,11985,49,Single,Good
31432,19783,13,Student,11913,52,Married,Good
81995,11070,15,Self-Employed,10850,32,Married,Good
20718,8343,23,Self-Employed,17490,65,Single,Good
47723,5818,12,Student,9585,53,Single,Bad
58824,17539,4,Employed,9143,38,Widowed,Good
54214,9483,8,Unemployed,12051,23,Widowed,Good
40659,4235,9,Unemployed,9833,18,Divorced,Bad
46878,16942,23,Unemployed,13481,21,Divorced,Bad
42604,27464,5,Student,6193,28,Single,Good
41159,14969,24,Self-Employed,6243,61,Divorced,Bad
62744,19192,20,Unemployed,12297,43,Married,Bad
55355,15409,18,Self-Employed,6505,54,Single,Bad
39606,14505,11,Unemployed,11827,40,Single,Good
63493,19595,15,Unemployed,11110,46,Married,Good
54609,13548,22,Student,7916,38,Widowed,Bad
62192,16336,9,Employed,11101,65,Widowed,Bad
59444,16608,17,Student,6296,62,Married,Good
37565,11659,12,Unemployed,7000,62,Married,Bad
41597,19960,7,Unemployed,9288,66,Divorced,Bad
61209,14125,10,Employed,10236,44,Single,Good
59155,11221,10,Self-Employed,9089,56,Divorced,Bad
49686,17682,13,Self-Employed,11299,57,Married,Bad
51759,10507,19,Unemployed,11165,30,Divorced,Bad
69164,15140,11,Self-Employed,14588,40,Married,Good
41126,14954,13,Unemployed,9714,33,Divorced,Good
58206,20429,21,Employed,13583,47,Divorced,Bad
46967,17373,8,Employed,12762,21,Widowed,Good
46734,14874,8,Unemployed,16881,57,Married,Bad
66481,19088,4,Employed,9618,33,Divorced,Bad
62381,21951,15,Student,8738,48,Single,Good
62202,17789,11,Student,13773,59,Divorced,Good
69582,15051,11,Employed,11156,42,Divorced,Bad
50315,8440,1,Unemployed,13844,61,Single,Bad
60229,9674,17,Unemployed,12150,29,Married,Good
45345,13473,15,Employed,3679,43,Widowed,Bad
54862,11952,20,Self-Employed,11128,54,Widowed,Good
48047,14065,6,Student,10933,65,Widowed,Good
51454,15283,24,Self-Employed,10399,50,Single,Bad
58927,17648,22,Unemployed,9603,45,Divorced,Bad
37726,14647,15,Unemployed,5223,26,Married,Good
81385,17432,9,Self-Employed,12622,29,Divorced,Bad
34909,15322,14,Employed,11121,22,Widowed,Bad
31787,5122,18,Self-Employed,13305,69,Divorced,Good
67371,10303,17,Self-Employed,5383,45,Single,Bad
61874,14279,18,Student,11521,52,Single,Good
59361,8951,5,Student,9296,22,Married,Good
59425,17999,20,Self-Employed,10431,51,Married,Good
49816,22653,20,Self-Employed,9330,63,Widowed,Good
36541,21093,9,Unemployed,11630,51,Married,Bad
51137,13932,11,Student,9511,30,Divorced,Good
39842,22453,24,Student,6844,56,Single,Bad
64626,15743,22,Unemployed,10259,59,Single,Bad
47794,13314,1,Employed,9357,62,Single,Good
37617,11932,18,Student,9749,65,Married,Bad
45179,13487,6,Student,436,31,Single,Bad
56193,13059,2,Employed,12047,28,Single,Good
41544,15852,15,Student,9056,59,Single,Good
37666,15802,21,Student,5955,55,Widowed,Good
53655,15015,14,Employed,12767,21,Widowed,Bad
53674,17184,5,Employed,11909,50,Married,Good
42395,20953,6,Self-Employed,9018,24,Single,Bad
42934,19747,6,Unemployed,6543,58,Married,Good
53480,7575,22,Unemployed,10534,25,Single,Good
28278,2230,18,Employed,10369,54,Single,Good
28888,19671,14,Employed,12773,68,Single,Bad
39223,8165,10,Student,8668,27,Married,Good
46798,13876,14,Self-Employed,13584,60,Married,Bad
54663,9149,13,Self-Employed,8379,32,Single,Good
72130,5990,3,Employed,5962,55,Divorced,Bad
62864,17707,6,Student,6603,32,Married,Good
47600,18795,8,Student,9812,22,Widowed,Bad
49714,12117,12,Unemployed,9803,46,Married,Good
34962,2044,13,Unemployed,10983,36,Single,Bad
49722,12268,11,Student,9728,68,Divorced,Bad
45670,16959,12,Unemployed,12931,27,Single,Bad
54840,7605,1,Employed,9216,29,Widowed,Bad
37591,15916,17,Student,4011,21,Married,Bad
57790,14923,16,Unemployed,9636,48,Married,Bad
72991,17896,11,Self-Employed,3979,35,Single,Good
48368,15597,13,Student,10814,33,Single,Bad
56025,10134,18,Student,13171,57,Widowed,Good
60352,20982,11,Self-Employed,7041,53,Divorced,Bad
43981,14207,12,Employed,14255,42,Widowed,Bad
53361,14863,6,Self-Employed,12528,40,Divorced,Good
50188,10333,9,Student,13619,29,Married,Good
51465,12783,16,Employed,10568,51,Divorced,Good
38404,10575,4,Unemployed,7021,53,Divorced,Bad
50367,14135,3,Unemployed,12342,54,Married,Good
57469,23558,16,Unemployed,8126,20,Married,Bad
71767,8140,24,Student,10353,26,Married,Good
64389,6932,12,Self-Employed,9485,35,Widowed,Bad
82297,22355,11,Employed,13374,60,Married,Bad
38489,13953,5,Unemployed,12190,52,Single,Good
63084,11654,18,Employed,9758,51,Married,Good
52750,20199,19,Student,4145,58,Married,Good
82847,11971,23,Unemployed,8094,31,Married,Bad
37875,24130,23,Student,12112,21,Divorced,Bad
37404,18389,6,Self-Employed,10840,46,Widowed,Bad
41009,12560,22,Student,5490,58,Married,Good
18141,25786,18,Student,4580,62,Widowed,Bad
42113,11971,6,Self-Employed,10586,67,Single,Bad
38613,18710,4,Employed,6828,32,Single,Bad
52255,16496,12,Self-Employed,7117,45,Married,Bad
55126,21508,19,Self-Employed,12017,59,Single,Bad
78142,22807,2,Student,13606,33,Widowed,Bad
64256,15160,17,Employed,7747,29,Divorced,Good
41346,11232,11,Unemployed,9865,69,Married,Bad
36523,17299,11,Self-Employed,9777,22,Single,Bad
57378,11611,21,Employed,9507,51,Widowed,Bad
30196,25066,16,Self-Employed,10121,59,Widowed,Good
77471,15682,2,Self-Employed,12269,18,Single,Bad
67691,13173,2,Self-Employed,7978,56,Widowed,Bad
42962,15923,23,Self-Employed,5424,49,Widowed,Bad
24302,8264,8,Student,15070,43,Married,Bad
70308,10141,13,Employed,13268,34,Widowed,Good
48281,21002,10,Employed,6689,65,Single,Good
68567,11715,8,Employed,10406,44,Married,Bad
26083,9765,4,Self-Employed,13032,41,Single,Bad
41009,17683,15,Student,12247,52,Divorced,Bad
50078,20928,1,Self-Employed,11386,63,Single,Good
50704,18594,11,Self-Employed,9489,59,Single,Good
43249,19980,7,Employed,15181,56,Married,Bad
59342,11216,17,Self-Employed,10662,43,Widowed,Bad
33985,7890,20,Unemployed,8455,66,Single,Bad
47864,22506,24,Self-Employed,12613,55,Married,Good
51804,13386,18,Unemployed,10288,40,Divorced,Good
57716,13745,22,Self-Employed,11049,39,Married,Bad
60674,21640,22,Student,10609,21,Married,Good
33130,17781,12,Student,11490,66,Widowed,Bad
26988,17279,9,Employed,7064,26,Single,Bad
69165,25825,5,Self-Employed,5646,21,Divorced,Good
54984,11782,10,Unemployed,14302,24,Married,Bad
38772,19639,4,Unemployed,10748,40,Single,Good
73267,15285,5,Self-Employed,12312,19,Single,Good
51735,16342,10,Unemployed,4720,66,Married,Bad
67689,22642,11,Student,13200,41,Single,Good
51012,17539,21,Unemployed,8435,57,Married,Bad
80911,17691,24,Employed,7581,48,Married,Bad
76330,20362,10,Student,9809,64,Married,Bad
46265,13175,8,Student,7066,48,Divorced,Bad
64573,10803,2,Student,9994,64,Married,Good
59680,9775,23,Self-Employed,9590,57,Widowed,Good
70529,5168,8,Self-Employed,13181,65,Single,Bad
35526,25281,16,Student,14540,68,Divorced,Bad
60290,9483,22,Self-Employed,14444,60,Single,Bad
65876,13893,5,Unemployed,3206,51,Divorced,Bad
23618,13615,3,Self-Employed,7194,41,Widowed,Good
32251,16537,12,Self-Employed,3175,66,Divorced,Good
19411,19078,13,Student,6419,43,Divorced,Good
45958,19302,13,Employed,8051,33,Divorced,Bad
60763,12084,10,Employed,11231,64,Single,Bad
72535,14164,4,Employed,8440,30,Married,Bad
51111,16412,9,Unemployed,8523,32,Single,Good
74429,13756,22,Self-Employed,10545,44,Married,Bad
29298,23036,24,Employed,4872,21,Single,Bad
24449,17454,23,Student,7484,33,Widowed,Good
49166,18674,2,Employed,8489,47,Widowed,Bad
55760,18314,19,Employed,9392,61,Divorced,Bad
49509,20867,1,Self-Employed,10230,47,Widowed,Good
18988,15905,7,Self-Employed,14501,53,Divorced,Good
48663,8515,17,Self-Employed,12725,20,Married,Bad
30432,16998,3,Unemployed,7692,39,Widowed,Good
60045,11743,20,Unemployed,9216,66,Married,Good
55498,12356,20,Employed,9011,39,Single,Bad
35901,17931,21,Self-Employed,8457,67,Married,Good
42291,21191,3,Employed,10817,67,Single,Bad
34111,15106,3,Student,4420,66,Married,Good
49059,16544,17,Student,12642,29,Married,Good
64327,23511,7,Self-Employed,15080,38,Widowed,Bad
35214,16203,14,Self-Employed,9190,21,Married,Good
57560,28008,17,Student,9131,48,Widowed,Bad
42046,17827,18,Self-Employed,10471,61,Widowed,Good
38106,6196,13,Unemployed,13058,48,Divorced,Good
48394,18766,20,Unemployed,9027,40,Divorced,Good
34471,16905,20,Self-Employed,12801,37,Single,Good
41695,21448,21,Student,11465,32,Married,Bad
32031,18365,18,Employed,17084,40,Single,Good
79470,14307,4,Self-Employed,9014,45,Married,Bad
50528,8878,1,Self-Employed,4071,33,Divorced,Bad
39504,13954,18,Employed,5701,54,Divorced,Bad
53209,10747,1,Self-Employed,10035,38,Married,Good
48315,12097,13,Employed,13083,32,Married,Good
46685,17942,20,Student,8042,34,Divorced,Good
59212,23349,20,Unemployed,9307,67,Divorced,Bad
61362,16973,23,Student,12054,54,Single,Bad
42042,9020,10,Unemployed,7104,30,Divorced,Bad
41362,17223,11,Employed,8166,36,Married,Good
45874,20983,9,Unemployed,6496,47,Single,Good
15471,11951,9,Student,13534,62,Married,Good
27272,14329,5,Unemployed,14625,35,Widowed,Good
70503,15073,1,Employed,5261,31,Single,Good
74674,11075,17,Unemployed,9573,53,Married,Good
46264,18241,22,Self-Employed,14221,53,Divorced,Good
58648,14395,2,Student,11196,37,Widowed,Bad
54668,17097,24,Self-Employed,8532,69,Married,Good
96183,10562,13,Employed,5361,36,Single,Bad
66793,12812,9,Unemployed,13458,62,Married,Bad
48081,18611,4,Self-Employed,11081,61,Widowed,Bad
35666,13135,5,Self-Employed,5581,24,Single,Good
25903,23634,11,Unemployed,13569,61,Widowed,Bad
53051,13001,24,Unemployed,5198,21,Married,Bad
38654,16123,19,Student,9338,51,Divorced,Bad
28666,19662,21,Self-Employed,9206,19,Divorced,Good
40301,7908,3,Self-Employed,14855,22,Married,Good
33776,6195,12,Employed,9216,27,Married,Good
75307,7371,19,Student,9206,49,Married,Good
63224,21312,19,Employed,5910,59,Single,Bad
49880,12240,13,Self-Employed,8078,58,Widowed,Good
72199,27790,7,Employed,7548,30,Widowed,Good
51160,12178,15,Self-Employed,7704,56,Widowed,Good
37080,15922,23,Self-Employed,10018,22,Married,Good
72846,22710,7,Employed,2697,27,Widowed,Good
58083,25030,8,Employed,5469,27,Married,Bad
34441,25307,5,Unemployed,9666,55,Single,Good
47144,21041,21,Unemployed,10363,44,Divorced,Good
36865,20120,14,Unemployed,9299,68,Married,Bad
29258,17962,4,Self-Employed,9877,38,Married,Good
63892,18891,23,Employed,8772,25,Divorced,Bad
78641,12244,10,Student,9944,18,Divorced,Good
29021,10909,20,Self-Employed,11302,45,Single,Good
58444,14983,15,Student,11281,66,Widowed,Bad
40240,14149,18,Employed,7933,56,Married,Bad
42693,12733,20,Self-Employed,12745,31,Widowed,Bad
41114,18481,13,Student,10471,38,Married,Bad
37040,19776,8,Student,13696,47,Single,Bad
50727,15442,9,Unemployed,14298,38,Divorced,Bad
37535,22387,16,Unemployed,5671,66,Single,Bad
54056,9291,19,Unemployed,7422,26,Divorced,Good
49246,14031,16,Self-Employed,12440,34,Widowed,Good
46415,11415,7,Employed,5005,22,Widowed,Good
36386,5667,14,Employed,14260,48,Single,Good
41348,14586,14,Unemployed,8968,69,Divorced,Good
61330,14391,4,Unemployed,11725,57,Single,Good
57513,22567,15,Unemployed,9650,55,Divorced,Bad
35336,18154,3,Student,5822,60,Divorced,Good
51489,9879,5,Unemployed,13166,36,Widowed,Bad
61270,24270,1,Student,18252,53,Widowed,Bad
24958,21105,3,Employed,8454,67,Divorced,Bad
58150,17910,15,Self-Employed,9032,50,Divorced,Bad
40060,13867,24,Self-Employed,2052,30,Divorced,Bad
58558,10202,8,Self-Employed,14054,31,Widowed,Bad
38551,13138,4,Self-Employed,12735,50,Widowed,Bad
22926,20443,2,Student,4799,46,Married,Good
25586,24422,24,Student,3805,60,Divorced,Good
50721,22716,24,Unemployed,4152,66,Married,Good
53895,12555,10,Student,11935,53,Divorced,Bad
36435,9401,4,Unemployed,12234,61,Widowed,Good
59578,15704,3,Unemployed,7229,27,Married,Good
25077,6157,2,Self-Employed,11497,48,Married,Good
49008,16615,17,Student,10476,23,Single,Bad
31834,14261,23,Student,8898,18,Divorced,Bad
40222,12669,21,Unemployed,12910,24,Widowed,Good
50710,7026,24,Unemployed,6385,44,Single,Good
37093,17568,20,Employed,13442,38,Single,Bad
44231,12336,23,Employed,7814,45,Divorced,Good
65094,9150,13,Unemployed,15344,33,Single,Bad
41346,638,5,Employed,6984,63,Divorced,Good
62535,14862,21,Employed,8945,40,Single,Bad
33054,23861,9,Unemployed,10175,69,Divorced,Bad
57947,23306,22,Unemployed,10156,37,Widowed,Good
71623,12714,6,Student,11472,55,Divorced,Good
12925,11988,5,Unemployed,6142,42,Divorced,Good
38046,17343,10,Unemployed,9888,45,Married,Good
58656,10008,8,Self-Employed,10414,22,Widowed,Bad
46954,16508,7,Student,8416,38,Widowed,Bad
55567,18830,7,Student,11212,35,Widowed,Bad
40940,21134,6,Student,5960,64,Single,Bad
51298,14499,21,Self-Employed,9020,23,Married,Bad
47664,13981,20,Unemployed,7740,46,Widowed,Bad
67516,10610,3,Student,9029,36,Single,Good
53816,10865,19,Student,14341,50,Single,Good
55064,13867,22,Employed,14399,18,Single,Good
43821,16836,15,Student,13811,62,Married,Bad
42685,19567,4,Unemployed,8613,20,Single,Bad
43511,10984,12,Unemployed,12722,59,Married,Bad
55916,22463,6,Employed,10337,38,Divorced,Bad
43685,13644,19,Student,10136,52,Single,Bad
54346,14893,4,Student,9767,58,Widowed,Bad
81131,11263,15,Student,15275,57,Single,Bad
63066,2878,9,Self-Employed,14097,20,Divorced,Bad
45109,19420,5,Student,12234,42,Divorced,Bad
68018,18684,13,Unemployed,9489,62,Single,Good
43878,13593,23,Unemployed,10118,55,Divorced,Good
19428,15334,18,Self-Employed,11591,62,Married,Good
34878,17579,5,Self-Employed,8435,37,Married,Bad
21938,7187,16,Student,12814,69,Single,Bad
44727,12354,19,Employed,7236,61,Married,Good
50276,18971,14,Self-Employed,11175,62,Married,Bad
75146,8728,16,Self-Employed,3130,51,Widowed,Bad
54903,16467,15,Student,8348,38,Single,Bad
46713,8217,22,Student,16233,65,Divorced,Good
62441,17332,4,Self-Employed,13108,40,Single,Good
16832,14821,7,Employed,14606,23,Married,Bad
53534,6924,16,Self-Employed,7998,68,Widowed,Bad
61562,20823,24,Student,10311,30,Single,Bad
27821,11327,22,Student,13845,66,Single,Bad
67156,10948,21,Self-Employed,11899,40,Married,Good
55077,16002,22,Employed,11525,26,Married,Bad
43770,20743,21,Self-Employed,14891,34,Single,Bad
59491,9920,8,Self-Employed,6878,19,Married,Good
84060,15308,17,Student,9447,36,Married,Bad
52727,17144,16,Employed,4737,36,Married,Good
53723,18465,23,Unemployed,6714,24,Married,Bad
43109,15882,10,Employed,13222,59,Married,Bad
37252,13164,10,Self-Employed,7247,59,Widowed,Bad
62455,10862,2,Self-Employed,12206,37,Married,Good
37158,15430,9,Self-Employed,14975,26,Divorced,Bad
51073,9639,17,Employed,9466,34,Single,Bad
42835,393,11,Student,11559,44,Widowed,Good
57184,17182,10,Self-Employed,12229,64,Widowed,Good
55004,19519,22,Self-Employed,6335,19,Married,Bad
65563,3185,17,Employed,8150,53,Single,Bad
42349,9951,4,Unemployed,6989,36,Divorced,Bad
45951,18095,16,Unemployed,8389,34,Married,Good
35318,25287,20,Student,12148,22,Single,Bad
43335,15103,15,Student,8214,56,Married,Bad
55659,11359,21,Self-Employed,9894,35,Married,Good
61354,14085,5,Employed,6872,24,Married,Good
36167,21874,6,Self-Employed,13679,34,Married,Bad
63044,11770,17,Student,8364,56,Married,Bad
70334,11004,1,Employed,14568,53,Married,Good
56201,12586,19,Employed,10182,57,Married,Bad
78151,10233,4,Student,5779,62,Divorced,Bad
38393,15613,17,Unemployed,9486,21,Widowed,Good
31330,23123,9,Unemployed,6811,55,Divorced,Good
23319,16615,24,Employed,11768,42,Married,Good
72440,13738,2,Self-Employed,9215,22,Married,Bad
59815,13540,8,Unemployed,10489,47,Divorced,Bad
49166,7184,15,Self-Employed,8891,29,Divorced,Good
54199,19415,7,Unemployed,8333,21,Widowed,Bad
33117,14610,6,Unemployed,7079,41,Divorced,Bad
86686,14097,1,Self-Employed,12508,46,Widowed,Good
51938,30965,15,Student,9480,26,Married,Bad
51640,16493,23,Unemployed,9055,21,Single,Good
60886,11241,7,Unemployed,9405,68,Single,Good
57215,12868,17,Self-Employed,7963,41,Single,Bad
53358,20742,2,Student,9065,31,Single,Good
38142,15566,9,Unemployed,10616,22,Married,Good
57072,7808,9,Unemployed,6897,35,Single,Good
78230,19596,13,Student,7331,59,Divorced,Good
70181,11659,6,Unemployed,14134,36,Divorced,Good
73897,24366,6,Student,8911,29,Single,Good
42331,20400,20,Student,8345,35,Divorced,Bad
35155,12763,20,Self-Employed,5968,34,Widowed,Good
48113,21405,21,Employed,12552,47,Married,Bad
50835,15339,3,Student,6832,41,Single,Bad
66412,19263,17,Self-Employed,9954,28,Single,Bad
24613,17423,17,Employed,4875,52,Married,Bad
72943,10768,12,Unemployed,12454,40,Divorced,Good
47629,11782,16,Employed,13530,34,Married,Bad
43596,20149,15,Student,11453,18,Married,Bad
34818,13326,13,Student,5396,32,Divorced,Good
25177,12981,23,Student,12516,49,Married,Good
62347,10224,1,Student,7517,26,Divorced,Good
51099,17117,17,Student,6487,32,Divorced,Good
30650,25312,3,Self-Employed,8849,45,Married,Bad
30573,9662,15,Student,8789,41,Widowed,Good
44963,15121,4,Self-Employed,8484,52,Divorced,Good
75035,22061,4,Unemployed,13821,39,Married,Bad
46106,14601,18,Student,16035,44,Divorced,Bad
27452,17261,17,Student,5892,36,Widowed,Bad
46313,9688,19,Employed,7933,62,Widowed,Bad
45909,17141,11,Unemployed,10428,29,Single,Good
9546,14064,20,Student,8833,37,Divorced,Good
49185,19928,3,Student,11198,18,Divorced,Bad
46535,20936,8,Unemployed,12747,38,Married,Good
60443,27947,14,Self-Employed,12248,66,Divorced,Good
77734,17898,1,Student,11829,62,Single,Bad
66898,16628,14,Employed,14977,18,Widowed,Good
45966,15971,2,Student,5233,27,Widowed,Good
33402,13234,23,Employed,14440,64,Single,Bad
88600,16692,4,Employed,8761,49,Divorced,Good
50888,13522,24,Student,12355,56,Divorced,Bad
50208,15842,19,Student,6911,39,Single,Bad
49638,21587,6,Employed,7274,35,Married,Bad
52971,9967,1,Unemployed,11986,65,Widowed,Bad
47834,20699,17,Unemployed,4213,63,Single,Bad
41395,21585,8,Student,12968,49,Single,Bad
41797,14409,19,Self-Employed,13779,44,Divorced,Bad
49508,4390,21,Unemployed,10533,45,Widowed,Bad
41848,11960,1,Student,10425,35,Divorced,Good
39307,21484,5,Unemployed,7499,56,Single,Good
51596,14885,16,Self-Employed,12023,66,Married,Good
46175,10003,6,Student,11042,46,Widowed,Good
72559,12476,8,Self-Employed,7235,35,Single,Good
10235,19203,13,Student,8825,61,Single,Bad
66372,17733,16,Self-Employed,9521,25,Married,Bad
68691,13805,3,Unemployed,8821,48,Single,Bad
18899,13165,19,Unemployed,5911,51,Single,Good
44859,13041,12,Self-Employed,12097,24,Widowed,Bad
44428,10387,16,Self-Employed,9269,53,Widowed,Bad
28887,23076,11,Self-Employed,10046,35,Widowed,Good
38332,13388,10,Student,8265,55,Divorced,Good
33341,21085,20,Unemployed,11425,26,Married,Bad
76284,22606,4,Student,10596,26,Widowed,Good
64035,19991,12,Unemployed,13638,63,Divorced,Bad
69073,12841,23,Employed,11441,25,Divorced,Good
60825,17018,2,Student,9391,68,Married,Good
33064,14879,24,Unemployed,7780,52,Married,Bad
42132,10481,22,Unemployed,12597,35,Single,Good
57340,16621,19,Student,9152,22,Divorced,Bad
31668,9104,5,Student,9484,31,Widowed,Good
60694,20938,8,Unemployed,9484,45,Married,Bad
46395,12676,7,Student,8795,47,Divorced,Good
44377,16005,14,Self-Employed,9536,21,Widowed,Good
60664,16416,24,Student,15778,56,Divorced,Bad
56663,13705,23,Student,6856,37,Married,Good
44585,17933,3,Student,7556,42,Single,Good
67389,12625,18,Unemployed,14152,45,Divorced,Good
33784,19356,16,Self-Employed,8875,29,Widowed,Bad
59239,8270,23,Employed,8648,19,Married,Good
58896,15631,19,Employed,13104,60,Single,Good
45356,24694,19,Self-Employed,5739,31,Widowed,Good
54891,9998,18,Self-Employed,12464,39,Widowed,Good
31233,11611,20,Self-Employed,10136,48,Widowed,Bad
63860,17569,16,Unemployed,11394,40,Divorced,Bad
47226,15897,8,Employed,11338,65,Married,Bad
42159,16753,1,Self-Employed,8116,37,Widowed,Bad
65735,17445,17,Unemployed,13153,55,Divorced,Bad
39434,18173,12,Employed,8349,21,Married,Bad
28873,20548,21,Student,11226,32,Married,Bad
26650,17049,11,Unemployed,13713,41,Divorced,Bad
59090,13793,5,Employed,14136,42,Divorced,Bad
30793,18362,12,Unemployed,9198,18,Widowed,Bad
76321,24499,17,Employed,11389,24,Married,Bad
18771,14336,6,Employed,8921,48,Single,Bad
75446,10127,1,Student,17511,29,Divorced,Good
53165,20535,5,Unemployed,12340,59,Married,Good
48549,14398,14,Self-Employed,10252,22,Married,Bad
41826,4136,5,Student,10937,61,Widowed,Bad
55987,19237,22,Student,11221,67,Single,Good
49435,12323,24,Employed,11310,59,Widowed,Good
66549,14547,1,Self-Employed,9280,55,Single,Good
51713,16659,18,Unemployed,8817,29,Single,Bad
52254,15952,16,Self-Employed,9544,56,Divorced,Good
44545,18547,9,Self-Employed,6580,35,Married,Bad
49145,12822,19,Self-Employed,12154,19,Married,Good
54617,17565,22,Self-Employed,7594,27,Married,Bad
24347,13702,5,Self-Employed,6820,32,Single,Good
29777,18694,2,Employed,9956,47,Married,Bad
61148,18076,15,Employed,9609,61,Divorced,Good
52562,10322,7,Student,10748,34,Single,Good
47240,20429,4,Employed,8295,21,Single,Bad
50276,12320,1,Student,8822,24,Single,Bad
55213,19040,13,Student,12076,58,Single,Bad
41903,16836,20,Unemployed,11893,48,Divorced,Bad
38325,24190,22,Self-Employed,11768,68,Married,Good
52937,13882,7,Employed,10101,56,Divorced,Bad
35324,13253,15,Unemployed,10506,51,Married,Good
56123,14902,23,Employed,10691,23,Divorced,Bad
24461,13484,14,Student,8031,67,Widowed,Good
65437,18999,23,Employed,14422,55,Widowed,Good
57088,6918,19,Self-Employed,13994,62,Widowed,Bad
53840,9731,22,Student,12382,68,Widowed,Good
64740,9660,24,Student,8722,51,Single,Good
74982,19751,20,Unemployed,11617,61,Single,Good
65215,23553,24,Self-Employed,12935,32,Divorced,Bad
22386,14477,18,Student,6330,31,Divorced,Bad
30806,14155,10,Self-Employed,15083,23,Widowed,Good
40627,15350,9,Employed,4781,67,Married,Good
50391,20809,8,Self-Employed,12113,54,Widowed,Bad
57764,10363,10,Student,14359,67,Divorced,Good
39113,16191,17,Unemployed,9660,49,Widowed,Good
52801,19875,2,Student,9548,20,Divorced,Good
38669,17505,6,Self-Employed,12002,20,Widowed,Good
40827,15947,5,Self-Employed,15555,39,Married,Bad
28900,20005,9,Student,9156,39,Widowed,Good
36151,1483,5,Self-Employed,7657,27,Married,Bad
29724,18389,18,Employed,8728,68,Married,Good
35361,11729,20,Student,5342,20,Divorced,Good
65804,5846,9,Unemployed,12693,29,Married,Good
35759,17556,17,Student,8457,46,Single,Good
89485,21868,17,Employed,9374,65,Single,Good
57399,14312,12,Employed,12728,34,Single,Good
52772,19764,7,Employed,8869,24,Divorced,Good
37124,23061,3,Employed,12277,30,Single,Good
60504,21574,10,Employed,6885,19,Divorced,Bad
41365,23199,2,Unemployed,12876,21,Divorced,Bad
51830,18710,3,Self-Employed,11025,27,Single,Bad
88401,15377,16,Employed,9734,56,Married,Bad
48559,6990,2,Employed,10392,41,Widowed,Good
67239,13769,24,Student,6139,34,Divorced,Bad
39452,10783,10,Unemployed,10324,69,Single,Good
49475,25854,6,Unemployed,9574,23,Divorced,Bad
76562,14120,22,Self-Employed,6221,36,Married,Bad
40595,15616,11,Unemployed,7986,22,Married,Good
77186,17757,23,Student,9612,49,Single,Good
60616,15218,7,Student,8178,27,Divorced,Bad
41562,23475,15,Self-Employed,2763,26,Widowed,Bad
59486,11886,6,Student,13229,44,Widowed,Bad
64588,15973,20,Employed,9573,30,Divorced,Good
59327,11287,9,Employed,3178,36,Divorced,Good
26446,8399,22,Student,16404,38,Divorced,Bad
39092,11941,20,Self-Employed,13724,41,Single,Bad
46287,14814,12,Unemployed,8953,55,Married,Good
48883,12853,19,Self-Employed,7472,21,Widowed,Good
59310,11537,20,Unemployed,11209,41,Single,Good
52665,7968,3,Student,10606,52,Divorced,Bad
29969,14584,15,Student,11626,20,Divorced,Good
55702,7476,2,Employed,7481,21,Married,Good
59158,18800,21,Unemployed,13293,54,Divorced,Good
58396,15412,2,Self-Employed,8579,57,Single,Bad
66211,7712,22,Student,12042,65,Single,Bad
62508,13453,3,Self-Employed,7609,52,Married,Bad
56887,11239,6,Employed,17944,48,Single,Good
48947,16595,15,Unemployed,12086,61,Widowed,Bad
25085,21702,10,Unemployed,18652,42,Single,Bad
56444,5624,9,Student,12482,57,Single,Bad
53115,15575,1,Unemployed,8315,30,Single,Bad
54073,14199,16,Student,12488,21,Widowed,Good
30848,18356,6,Employed,12701,63,Divorced,Bad
33784,16065,9,Unemployed,11119,31,Single,Bad
65797,11240,4,Student,11891,30,Married,Bad
49406,13404,2,Self-Employed,12285,44,Widowed,Bad
60222,11019,4,Student,7018,23,Married,Good
50424,20380,1,Unemployed,6805,34,Single,Good
50446,15106,19,Employed,7617,53,Married,Good
64074,24505,10,Unemployed,10382,57,Single,Good
42259,14696,21,Unemployed,9330,66,Widowed,Bad
51441,11457,15,Student,7073,52,Married,Bad
43065,7431,22,Self-Employed,12325,34,Married,Good
43482,5984,19,Unemployed,10849,58,Single,Bad
45362,7079,16,Self-Employed,10506,19,Single,Good
53332,16335,21,Student,9226,30,Divorced,Good
42818,17543,24,Self-Employed,8865,69,Single,Bad
68836,7094,22,Student,7476,19,Single,Bad
36580,19475,4,Employed,12801,69,Divorced,Bad
47196,12584,2,Self-Employed,7889,45,Single,Bad
43404,15733,13,Self-Employed,10628,60,Single,Good
71704,23061,1,Employed,14986,43,Divorced,Good
52948,19484,17,Self-Employed,9003,39,Widowed,Bad
65477,13657,13,Employed,12882,64,Widowed,Good
27716,10544,4,Unemployed,11706,60,Single,Good
54005,4240,7,Student,10934,20,Single,Bad
63344,11404,17,Employed,11291,52,Divorced,Bad
51234,13944,9,Self-Employed,9715,29,Divorced,Good
65982,10064,4,Employed,10104,41,Widowed,Bad
42240,14343,19,Self-Employed,8355,22,Married,Good
71140,15384,1,Unemployed,10124,37,Single,Bad
84483,13875,10,Employed,8244,56,Married,Good
44557,11749,4,Unemployed,13016,56,Married,Good
43317,15843,9,Student,4901,30,Divorced,Good
71800,17209,13,Self-Employed,11443,58,Single,Bad
73693,9548,14,Self-Employed,11009,62,Single,Bad
42157,22054,10,Unemployed,10738,29,Divorced,Bad
43697,14507,6,Student,13073,30,Married,Bad
45773,15094,16,Employed,9141,27,Divorced,Good
29833,18541,6,Employed,10766,50,Widowed,Bad
36220,16166,17,Self-Employed,4850,57,Single,Good
34937,19765,10,Unemployed,8754,33,Widowed,Bad
38483,16435,18,Unemployed,12567,62,Divorced,Good
49479,11937,22,Employed,5982,52,Single,Good
53513,16807,18,Student,10479,20,Widowed,Bad
73257,9281,3,Student,7967,22,Widowed,Good
35024,15542,20,Employed,9667,43,Married,Bad
64764,14833,21,Employed,8146,28,Single,Bad
46790,13959,15,Unemployed,6258,24,Widowed,Good
49258,14357,15,Student,11158,27,Widowed,Good
60122,5590,4,Employed,9851,59,Married,Good
33159,12256,9,Employed,11837,69,Widowed,Good
55736,15464,19,Self-Employed,12383,51,Widowed,Good
52496,15799,24,Employed,13675,20,Widowed,Bad
57386,9861,17,Employed,10400,25,Married,Bad
54337,21328,11,Student,13805,48,Widowed,Bad
86829,10669,9,Unemployed,7072,28,Widowed,Bad
40433,19847,10,Student,12726,62,Single,Bad
42035,17135,18,Unemployed,11378,24,Single,Bad
40652,11768,20,Self-Employed,10699,62,Married,Good
41667,23876,13,Employed,11334,19,Divorced,Good
40439,9031,8,Self-Employed,7117,23,Single,Bad
67835,19595,7,Unemployed,6409,58,Married,Bad
71307,20002,17,Student,15129,49,Widowed,Bad
41438,11646,21,Student,9493,37,Widowed,Bad
37514,21962,23,Self-Employed,9451,51,Married,Bad
57071,13749,15,Unemployed,6693,67,Widowed,Good
41716,16443,20,Self-Employed,5554,33,Widowed,Bad
59493,16301,15,Self-Employed,9735,42,Divorced,Bad
53043,14328,1,Employed,8975,29,Widowed,Bad
27263,19054,14,Self-Employed,10005,24,Single,Bad
73212,18967,5,Employed,10261,56,Widowed,Bad
76938,6257,11,Employed,17468,34,Married,Bad
40808,21521,16,Student,8984,62,Divorced,Bad
44184,6687,2,Employed,14739,28,Widowed,Good
54287,20162,8,Employed,14926,23,Married,Bad
55016,20633,11,Student,12260,40,Single,Good
59878,9545,18,Self-Employed,9294,44,Widowed,Good
80153,12945,3,Unemployed,5915,63,Divorced,Bad
47345,9471,1,Unemployed,11433,23,Widowed,Bad
38025,13925,11,Unemployed,13056,55,Married,Bad
29310,13459,16,Self-Employed,15243,19,Divorced,Bad
39036,18898,18,Employed,7150,39,Widowed,Bad
49503,21551,16,Unemployed,9269,37,Single,Bad
76918,21978,23,Self-Employed,7168,42,Divorced,Bad
42235,12189,10,Employed,8099,32,Single,Bad
53356,13953,18,Student,11993,66,Married,Bad
49753,6582,6,Unemployed,7962,46,Widowed,Good
67825,10970,19,Employed,7527,25,Single,Good
87903,19824,4,Unemployed,12390,54,Married,Bad
42036,23077,13,Unemployed,11352,66,Widowed,Good
42658,8828,24,Unemployed,11050,69,Married,Bad
65662,12037,14,Employed,8041,50,Single,Good
60228,14867,3,Self-Employed,13879,39,Married,Bad
77700,16400,10,Employed,10043,67,Divorced,Bad
58758,10951,6,Unemployed,17140,64,Widowed,Good
44610,17120,1,Employed,10483,22,Married,Bad
58859,12630,23,Student,2999,56,Single,Good
66630,14927,24,Self-Employed,2866,35,Widowed,Bad
62307,17731,14,Employed,11871,55,Divorced,Bad
57609,15032,8,Student,13901,54,Widowed,Bad
66000,12818,19,Self-Employed,7648,47,Divorced,Bad
67539,14451,14,Student,16302,68,Widowed,Good
70732,14558,10,Self-Employed,14988,48,Married,Good
59730,13149,17,Employed,10631,27,Married,Bad
47493,13706,9,Student,11618,32,Single,Good
52200,22993,6,Unemployed,12683,59,Divorced,Bad
68097,17804,11,Student,15669,65,Single,Good
37745,13522,7,Self-Employed,12046,61,Married,Bad
55530,18484,17,Employed,10563,35,Divorced,Bad
44099,13330,1,Self-Employed,12016,40,Single,Good
50431,20865,22,Student,11612,50,Single,Good
69176,16848,5,Student,12773,33,Single,Bad
52866,14463,9,Unemployed,5289,55,Single,Bad
50696,17238,18,Employed,10947,52,Single,Good
29602,7145,24,Employed,11381,51,Divorced,Good
61193,9366,21,Student,9781,45,Single,Good
59682,9030,2,Employed,12352,19,Divorced,Bad
82448,15714,11,Unemployed,15763,47,Single,Bad
45383,23662,6,Self-Employed,10414,30,Married,Bad
53287,26156,8,Employed,12075,58,Married,Bad
53740,18190,4,Student,14818,33,Single,Bad
73661,17504,18,Self-Employed,10484,22,Widowed,Bad
48570,5994,11,Self-Employed,7334,45,Married,Good
54185,12286,5,Unemployed,11847,56,Divorced,Good
59118,11061,15,Student,3395,62,Single,Bad
52799,11895,18,Employed,3104,37,Divorced,Bad
43303,14159,2,Student,10999,41,Widowed,Bad
52911,12639,22,Self-Employed,2965,44,Single,Good
66104,5103,11,Student,6054,47,Married,Bad
34602,18739,13,Employed,8859,62,Divorced,Bad
51994,9636,4,Employed,7835,44,Married,Good
39498,16196,22,Unemployed,9556,43,Married,Good
67925,25370,7,Employed,13338,24,Single,Bad
27152,10403,11,Employed,10715,59,Divorced,Good
41616,2348,22,Student,7482,64,Widowed,Good
55658,13569,24,Student,14063,55,Married,Bad
73482,20504,4,Self-Employed,5713,22,Single,Bad
49013,24791,15,Unemployed,10665,40,Single,Bad
41672,8852,1,Student,5379,45,Widowed,Bad
78217,17483,23,Employed,10756,51,Single,Bad
28279,12673,3,Self-Employed,9044,32,Married,Bad
17017,14470,14,Student,13246,49,Single,Bad
56600,28221,6,Unemployed,12162,43,Divorced,Bad
42469,7485,18,Unemployed,8238,65,Divorced,Good
34681,16268,1,Self-Employed,7663,48,Married,Bad
60625,17338,6,Self-Employed,9054,36,Divorced,Bad
53657,20428,6,Self-Employed,15626,26,Widowed,Bad
41538,15489,21,Self-Employed,14857,46,Single,Bad
30795,16540,16,Self-Employed,7095,68,Married,Good
63086,13041,5,Employed,12400,56,Widowed,Bad
59753,16345,17,Employed,4805,21,Single,Bad
48512,13284,10,Student,8657,20,Widowed,Bad
77699,18107,21,Unemployed,7217,46,Married,Good
33948,13151,18,Employed,13207,69,Married,Bad
27117,16885,7,Employed,6127,28,Widowed,Bad
39621,14853,3,Employed,11288,50,Single,Bad
49316,20630,13,Student,10002,55,Divorced,Good
53650,14743,15,Self-Employed,9473,28,Divorced,Bad
46381,6134,20,Student,15014,44,Widowed,Bad
55280,21309,19,Unemployed,15279,50,Married,Good
31226,10471,3,Unemployed,9566,38,Single,Bad
71656,11731,4,Unemployed,8962,56,Single,Good
48767,12021,5,Unemployed,5479,48,Married,Good
66759,21872,1,Employed,9987,55,Divorced,Good
55140,4321,4,Employed,15859,63,Single,Bad
56851,30688,12,Student,9613,19,Widowed,Bad
58546,20280,24,Self-Employed,12186,44,Divorced,Good
56715,16116,10,Unemployed,5807,53,Widowed,Good
59640,14725,23,Student,8695,28,Divorced,Bad
69937,16427,21,Employed,11387,64,Married,Bad
52947,17605,20,Employed,10317,35,Widowed,Bad
60635,18226,24,Self-Employed,12474,18,Widowed,Good
48653,17778,13,Self-Employed,8191,52,Married,Good
71601,15447,23,Self-Employed,4750,52,Widowed,Bad
39854,14013,14,Student,13366,48,Divorced,Good
77014,14243,23,Employed,7191,45,Single,Bad
49397,14025,5,Employed,11519,56,Single,Bad
28538,20668,4,Self-Employed,11352,18,Married,Bad
51921,17967,14,Unemployed,5008,42,Divorced,Good
39784,298,10,Self-Employed,13147,60,Widowed,Good
62609,18279,17,Student,8300,55,Widowed,Bad
40210,15973,10,Self-Employed,10165,37,Single,Bad
43307,14906,7,Self-Employed,8925,20,Widowed,Bad
21656,13057,16,Student,14867,68,Single,Bad
43215,20620,1,Self-Employed,14030,19,Married,Bad
13641,19737,17,Employed,4562,35,Widowed,Good
26241,11135,21,Unemployed,16776,61,Divorced,Good
61406,17035,9,Self-Employed,7965,27,Widowed,Bad
61787,10141,6,Student,16307,22,Single,Bad
56381,8101,19,Unemployed,9231,26,Married,Bad
35495,11866,13,Student,8977,19,Single,Bad
49284,19311,3,Unemployed,9258,51,Widowed,Good
49945,19765,7,Unemployed,8797,55,Single,Good
32624,17565,22,Self-Employed,17573,48,Single,Bad
72550,18625,9,Employed,9770,27,Married,Bad
63160,17580,22,Self-Employed,9093,67,Divorced,Good
46685,11792,5,Student,10231,29,Widowed,Bad
50403,17159,10,Student,7097,53,Married,Bad
53125,19002,23,Unemployed,14791,38,Divorced,Good
19373,18771,17,Unemployed,5586,66,Single,Good
46292,20944,12,Employed,8157,64,Divorced,Good
39770,18541,23,Self-Employed,12809,23,Single,Good
34975,16757,16,Student,10127,65,Single,Bad
45783,20350,3,Unemployed,11647,66,Married,Good
76965,14867,22,Employed,14599,20,Single,Good
59612,10590,9,Student,13011,27,Married,Good
41432,14184,15,Unemployed,10412,22,Divorced,Good
58588,11275,5,Student,16268,63,Divorced,Bad
